{
  "start_time": 1765673258.4426985,
  "phases": {
    "vocabulary": {
      "duration": 4.436519384384155,
      "tokens": 30522,
      "rate": 6879.717489217471
    },
    "architecture": {
      "duration": 0.0053386688232421875,
      "atoms": 25
    },
    "weights": {
      "duration": 582.8838050365448,
      "atoms": 10616832,
      "rate": 18214.319746513393
    }
  },
  "end_time": 1765673845.7685273,
  "total_duration": 587.3258287906647,
  "database": {
    "total_atoms": 10645678,
    "total_compositions": 178876,
    "database_size": "6150 MB",
    "atoms_per_second": 18125.67654638997
  }
}